film_id,title,rating,release_year,actors,rentals,payments
879,TELEGRAPH VOYAGE,PG,2006,7,27,231.73
973,WIFE TURN,NC-17,2006,6,31,223.69
1000,ZORRO ARK,NC-17,2006,3,31,214.69
369,GOODFELLAS SALUTE,PG,2006,8,31,209.69
764,SATURDAY LAMBS,G,2006,9,28,204.72
893,TITANS JERK,PG,2006,7,29,201.71
897,TORQUE BOUND,G,2006,5,27,198.72
403,HARRY IDAHO,PG-13,2006,6,30,195.70
460,INNOCENT USUAL,PG-13,2006,3,26,191.74
444,HUSTLER PARTY,NC-17,2006,4,22,190.78
670,PELICAN COMFORTS,PG,2006,5,26,188.74
127,CAT CONEHEADS,G,2006,4,30,181.70
284,ENEMY ODDS,NC-17,2006,4,29,180.71
103,BUCKET BROTHERHOOD,PG,2006,6,34,180.66
715,RANGE MOONWALKER,PG,2006,4,27,179.73
563,MASSACRE USUAL,R,2006,3,30,179.70
941,VIDEOTAPE ARSENIC,NC-17,2006,5,29,178.71
239,DOGMA FAMILY,G,2006,7,30,178.70
31,APACHE DIVINE,NC-17,2006,4,31,178.69
938,VELVET TERMINATOR,R,2006,9,26,177.74
244,DORADO NOTTING,NC-17,2006,4,27,176.73
327,FOOL MOCKINGBIRD,PG,2006,2,23,175.77
979,WITCHES PANIC,NC-17,2006,4,30,173.70
159,CLOSER BANG,R,2006,6,28,172.72
767,SCALAWAG DUCK,NC-17,2006,5,32,172.68
745,ROSES TREASURE,PG-13,2006,5,28,171.72
865,SUNRISE LEAGUE,PG-13,2006,5,24,170.76
791,SHOW LORD,PG-13,2006,2,25,170.75
624,NIGHTMARE CHILL,PG,2006,2,25,169.75
771,SCORPION APOLLO,NC-17,2006,8,23,168.77
21,AMERICAN CIRCUS,R,2006,5,22,167.78
174,CONFIDENTIAL INTERVIEW,NC-17,2006,2,29,164.71
551,MAIDEN HOME,PG,2006,8,24,163.76
775,SEATTLE EXPECATIONS,PG-13,2006,6,24,163.75
989,WORKING MICROCOSMOS,R,2006,5,25,163.75
86,BOOGIE AMELIE,R,2006,6,29,163.70
846,STING PERSONAL,NC-17,2006,7,21,159.79
527,LOLA AGENT,PG,2006,6,24,159.76
48,BACKLASH UNDEFEATED,PG-13,2006,7,19,158.81
575,MIDSUMMER GROUNDHOG,G,2006,2,22,156.78
892,TITANIC BOONDOCK,R,2006,12,23,154.77
838,STAGECOACH ARMAGEDDON,R,2006,6,26,154.74
580,MINE TITANS,PG-13,2006,2,19,153.81
683,PITY BOUND,NC-17,2006,5,26,153.74
778,SECRETS PARADISE,G,2006,6,20,152.80
267,EAGLES PANKY,NC-17,2006,6,22,152.78
408,HEAD STRANGER,R,2006,2,22,152.78
972,WHISPERER GIANT,PG-13,2006,3,22,151.78
271,EASY GLADIATOR,G,2006,3,23,150.77
579,MINDS TRUMAN,PG-13,2006,6,20,149.80
307,FELLOWSHIP AUTUMN,NC-17,2006,7,26,149.74
985,WONDERLAND CHRISTMAS,PG,2006,5,22,148.78
856,STREETCAR INTENTIONS,R,2006,7,25,148.75
501,KISSING DOLLS,R,2006,3,20,147.80
861,SUIT WALLS,R,2006,5,21,147.79
902,TRADING PINOCCHIO,PG,2006,3,25,147.75
521,LIES TREATMENT,NC-17,2006,7,27,147.73
45,ATTRACTION NEWTON,PG-13,2006,4,24,146.76
330,FORRESTER COMANCHEROS,NC-17,2006,3,27,146.73
603,MOVIE SHAKESPEARE,PG,2006,8,27,145.74
911,TRIP NEWTON,PG-13,2006,4,28,145.72
350,GARDEN ISLAND,G,2006,3,20,144.80
263,DURHAM PANKY,R,2006,9,26,144.74
698,PRINCESS GIANT,NC-17,2006,5,27,142.74
112,CALENDAR GUNFIGHT,NC-17,2006,8,21,141.79
596,MOONSHINE CABIN,PG-13,2006,5,21,141.79
898,TOURIST PELICAN,PG-13,2006,3,22,141.78
843,STEEL SANTA,NC-17,2006,3,23,141.77
253,DRIFTER COMMANDMENTS,PG-13,2006,7,24,141.76
135,CHANCE RESURRECTION,R,2006,6,27,141.73
320,FLAMINGOS CONNECTICUT,PG-13,2006,9,23,139.77
313,FIDELITY DEVIL,G,2006,4,21,138.79
131,CENTER DINOSAUR,PG,2006,4,24,137.76
167,COMA HEAD,NC-17,2006,3,26,137.74
706,QUEEN LUKE,PG,2006,6,22,136.78
614,NAME DETECTIVE,PG-13,2006,3,23,136.77
172,CONEHEADS SMOOCHY,NC-17,2006,9,25,136.75
361,GLEAMING JAWBREAKER,NC-17,2006,8,29,136.70
702,PULP BEVERLY,G,2006,7,30,136.70
995,YENTL IDAHO,R,2006,1,23,135.77
324,FLINTSTONES HAPPINESS,PG-13,2006,4,17,134.83
971,WHALE BIKINI,PG-13,2006,5,18,134.82
439,HUNCHBACK IMPOSSIBLE,PG-13,2006,2,20,134.80
227,DETAILS PACKER,R,2006,2,19,133.81
680,PINOCCHIO SIMON,PG,2006,11,20,133.80
869,SUSPECTS QUILLS,PG,2006,8,30,133.70
621,NETWORK PEAK,PG-13,2006,3,31,133.69
409,HEARTBREAKERS BRIGHT,G,2006,5,20,132.80
61,BEAUTY GREASE,G,2006,5,22,132.78
500,KISS GLORY,PG-13,2006,7,22,132.78
518,LIAISONS SWEET,PG,2006,6,22,131.78
10,ALADDIN CALENDAR,NC-17,2006,8,23,131.77
804,SLEEPING SUSPECTS,PG-13,2006,4,24,131.76
572,METROPOLIS COMA,PG-13,2006,6,26,131.74
73,BINGO TALENTED,PG-13,2006,5,29,131.71
734,ROAD ROXANNE,R,2006,8,19,130.81
578,MILLION ACE,PG-13,2006,5,20,130.80
730,RIDGEMONT SUBMARINE,PG-13,2006,5,32,130.68
763,SATISFACTION CONFIDENTIAL,G,2006,5,17,129.83
412,HEAVYWEIGHTS BEAST,G,2006,5,23,129.77
215,DAWN POND,PG,2006,6,18,128.82
465,INTERVIEW LIAISONS,R,2006,5,20,128.80
129,CAUSE DATE,R,2006,6,21,128.79
117,CANDLES GRAPES,NC-17,2006,7,23,128.77
331,FORWARD TEMPLE,NC-17,2006,3,32,128.68
878,TEEN APOLLO,G,2006,5,17,127.83
818,SOMETHING DUCK,NC-17,2006,3,19,127.81
814,SNATCH SLIPPER,PG,2006,3,22,127.78
300,FALCON VOLUME,PG-13,2006,4,22,127.77
908,TRAP GUYS,G,2006,7,16,126.84
583,MISSION ZOOLANDER,PG-13,2006,5,18,126.82
6,AGENT TRUMAN,PG,2006,7,21,126.79
755,SABRINA MIDNIGHT,PG,2006,4,21,126.79
334,FREDDY STORM,NC-17,2006,3,23,126.77
854,STRANGERS GRAFFITI,R,2006,5,17,123.83
243,DOORS PRESIDENT,NC-17,2006,9,19,123.81
556,MALTESE HOPE,PG-13,2006,1,22,123.78
109,BUTTERFLY CHOCOLAT,G,2006,7,30,123.70
891,TIMBERLAND SKY,G,2006,4,31,123.69
964,WATERFRONT DELIVERANCE,G,2006,6,17,121.83
805,SLEEPLESS MONSOON,G,2006,4,20,121.80
915,TRUMAN CRAZY,G,2006,6,23,121.77
768,SCARFACE BANG,PG-13,2006,7,18,120.82
415,HIGH ENCINO,R,2006,7,22,120.78
710,RAGE GAMES,R,2006,7,19,119.81
354,GHOST GROUNDHOG,G,2006,5,21,119.79
25,ANGELS LIFE,G,2006,9,22,119.78
961,WASH HEAVENLY,R,2006,5,23,119.77
506,LADY STAGE,PG,2006,8,17,118.83
222,DESERT POSEIDON,R,2006,5,19,118.81
676,PHILADELPHIA WIFE,PG-13,2006,2,23,118.78
946,VIRTUAL SPOILERS,NC-17,2006,3,14,117.86
887,THIEF PELICAN,PG-13,2006,7,19,117.81
100,BROOKLYN DESERT,R,2006,5,21,116.79
776,SECRET GROUNDHOG,PG,2006,3,21,116.79
502,KNOCK WARLOCK,PG-13,2006,6,24,116.76
397,HANKY OCTOBER,NC-17,2006,3,26,116.74
738,ROCKETEER MOTHER,PG-13,2006,7,33,116.67
346,GALAXY SWEETHEARTS,R,2006,3,18,115.82
694,PREJUDICE OLEANDER,PG-13,2006,10,20,115.80
827,SPICE SORORITY,NC-17,2006,11,20,115.80
69,BEVERLY OUTLAW,R,2006,4,21,115.79
255,DRIVING POLISH,NC-17,2006,7,21,115.79
183,CONVERSATION DOWNHILL,R,2006,3,17,114.83
922,UNDEFEATED DALMATIONS,PG-13,2006,3,21,114.79
35,ARACHNOPHOBIA ROLLERCOASTER,PG-13,2006,8,24,114.76
450,IDOLS SNATCHERS,NC-17,2006,8,30,114.70
396,HANGING DEEP,G,2006,7,19,113.81
720,REDEMPTION COMFORTS,NC-17,2006,5,20,113.80
637,OPEN AFRICAN,PG,2006,9,21,113.79
857,STRICTLY SCARFACE,PG-13,2006,4,23,113.77
777,SECRETARY ROUGE,PG,2006,6,18,112.82
433,HORN WORKING,PG,2006,8,24,112.76
162,CLUELESS BUCKET,R,2006,8,25,112.75
349,GANGS PRIDE,PG-13,2006,4,27,112.73
77,BIRDS PERDITION,G,2006,4,18,111.82
871,SWEDEN SHINING,PG,2006,5,18,111.81
590,MONEY HAROLD,PG,2006,7,20,111.80
304,FARGO GANDHI,G,2006,5,24,111.76
654,PANKY SUBMARINE,G,2006,8,15,110.85
260,DUDE BLINDNESS,G,2006,7,16,110.84
294,EXPECATIONS NATURAL,PG-13,2006,3,18,110.82
139,CHASING FIGHT,PG,2006,5,20,110.81
725,REQUIEM TYCOON,R,2006,8,19,110.81
723,REIGN GENTLEMEN,PG-13,2006,3,20,110.80
895,TOMORROW HUSTLER,R,2006,6,25,110.75
382,GRIT CLOCKWORK,PG,2006,3,32,110.68
216,DAY UNFAITHFUL,G,2006,5,14,109.86
95,BREAKFAST GOLDFINGER,G,2006,5,17,109.83
785,SHAWSHANK BUBBLE,PG,2006,10,19,109.81
486,JET NEIGHBORS,R,2006,6,20,109.80
378,GREATEST NORTH,NC-17,2006,6,29,109.71
319,FISH OPUS,R,2006,2,25,108.75
760,SAMURAI LION,G,2006,2,25,108.75
170,COMMAND DARLING,PG-13,2006,8,16,107.84
739,ROCKY WAR,PG-13,2006,3,16,107.84
484,JERK PAYCHECK,NC-17,2006,8,20,107.80
59,BEAR GRACELAND,R,2006,3,22,107.78
823,SOUTH WAIT,R,2006,2,22,107.78
305,FATAL HAUNTED,PG,2006,6,28,107.72
199,CUPBOARD SINNERS,R,2006,8,23,106.77
759,SALUTE APOLLO,R,2006,4,23,106.77
356,GIANT TROOPERS,R,2006,1,28,106.72
512,LEAGUE HELLFIGHTERS,PG-13,2006,6,17,105.83
859,SUGAR WONKA,PG,2006,5,17,105.83
370,GORGEOUS BINGO,R,2006,7,19,105.81
668,PEAK FOREVER,PG,2006,5,20,105.80
274,EGG IGBY,PG,2006,5,21,105.79
735,ROBBERS JOON,PG-13,2006,5,31,105.69
969,WEST LION,G,2006,9,16,104.84
845,STEPMOM DREAM,NC-17,2006,4,20,104.80
37,ARIZONA BANG,PG,2006,4,21,104.79
445,HYDE DOCTOR,G,2006,6,26,104.73
919,TYCOON GATHERING,G,2006,6,12,103.88
184,CORE SUIT,PG-13,2006,4,18,103.82
251,DRAGONFLY STRANGERS,NC-17,2006,3,18,103.82
571,METAL ARMAGEDDON,PG-13,2006,8,25,103.75
468,INVASION CYCLONE,PG,2006,7,27,103.73
285,ENGLISH BULWORTH,PG-13,2006,5,30,103.70
71,BILKO ANONYMOUS,PG-13,2006,3,13,102.87
175,CONFUSED CANDLES,PG-13,2006,6,17,102.83
336,FRENCH HOLIDAY,PG,2006,7,17,102.83
8,AIRPORT POLLOCK,R,2006,4,18,102.82
385,GROUNDHOG UNCUT,PG-13,2006,7,18,102.82
665,PATTON INTERVIEW,PG,2006,9,23,102.77
44,ATTACKS HATE,PG-13,2006,4,16,101.84
666,PAYCHECK WAIT,PG-13,2006,3,16,101.84
749,RULES HUMAN,R,2006,5,16,101.84
101,BROTHERHOOD BLANKET,R,2006,5,26,101.74
114,CAMELOT VACATION,NC-17,2006,2,27,101.73
65,BEHAVIOR RUNAWAY,PG,2006,5,13,100.87
708,QUILLS BULL,R,2006,4,16,100.84
691,POSEIDON FOREVER,PG-13,2006,6,17,100.83
447,ICE CROSSING,R,2006,6,24,100.76
476,JASON TRAP,NC-17,2006,5,24,100.76
179,CONQUERER NUTS,G,2006,6,16,99.84
570,MERMAID INSECTS,NC-17,2006,6,16,99.84
451,IGBY MAKER,NC-17,2006,5,19,99.81
789,SHOCK CABIN,PG-13,2006,1,30,99.70
392,HALL CASSIDY,NC-17,2006,5,16,98.84
678,PICKUP DRIVING,G,2006,5,16,98.84
70,BIKINI BORROWERS,NC-17,2006,2,17,98.83
398,HANOVER GALAXY,NC-17,2006,7,17,98.83
483,JERICHO MULAN,NC-17,2006,4,17,98.83
51,BALLOON HOMEWARD,NC-17,2006,6,23,98.77
873,SWEETHEARTS SUSPECTS,G,2006,5,29,98.71
559,MARRIED GO,G,2006,3,30,98.70
980,WIZARD COLDBLOODED,PG,2006,9,16,97.84
414,HELLFIGHTERS SIERRA,PG,2006,12,20,97.80
772,SEA VIRGIN,PG,2006,8,22,97.78
295,EXPENDABLE STALLION,PG,2006,4,28,97.72
226,DESTINY SATURDAY,G,2006,7,16,96.84
116,CANDIDATE PERDITION,R,2006,4,18,96.81
930,VACATION BOONDOCK,R,2006,6,21,96.79
55,BARBARELLA STREETCAR,G,2006,5,25,96.75
220,DEER VIRGINIAN,NC-17,2006,3,29,96.72
489,JUGGLER HARDLY,PG-13,2006,9,32,96.68
203,DAISY MENAGERIE,G,2006,7,16,95.84
456,INCH JET,NC-17,2006,5,18,95.82
649,OZ LIAISONS,R,2006,11,24,95.76
773,SEABISCUIT PUNK,NC-17,2006,3,26,95.74
609,MUSCLE BRIGHT,G,2006,5,30,95.70
365,GOLD RIVER,R,2006,2,14,94.86
835,SPY MILE,PG-13,2006,8,27,94.73
588,MODEL FISH,NC-17,2006,8,15,93.85
265,DYING MAKER,PG,2006,2,17,93.83
944,VIRGIN DAISY,PG-13,2006,8,17,93.83
212,DARN FORRESTER,G,2006,9,18,93.82
166,COLOR PHILADELPHIA,G,2006,7,24,93.76
958,WARDROBE PHANTOM,G,2006,8,27,93.73
98,BRIGHT ENCOUNTERS,PG-13,2006,4,13,92.87
321,FLASH WARS,NC-17,2006,7,13,92.87
272,EDGE KISSING,NC-17,2006,3,15,92.85
704,PURE RUNNER,NC-17,2006,2,16,92.84
611,MUSKETEERS WAIT,PG,2006,1,17,92.83
806,SLEEPY JAPANESE,PG,2006,6,21,92.80
798,SILVERADO GOLDFINGER,PG,2006,5,12,91.88
68,BETRAYED REAR,NC-17,2006,4,15,91.85
757,SAGEBRUSH CLUELESS,G,2006,7,16,91.84
4,AFFAIR PREJUDICE,G,2006,5,23,91.77
391,HALF OUTFIELD,PG-13,2006,6,26,91.75
880,TELEMARK HEARTBREAKERS,PG-13,2006,11,25,91.75
78,BLACKOUT PRIVATE,PG,2006,5,27,91.73
177,CONNECTICUT TRAMP,R,2006,7,13,90.87
115,CAMPUS REMEMBER,R,2006,3,19,90.81
57,BASIC EASY,PG-13,2006,6,21,90.79
15,ALIEN CENTER,NC-17,2006,6,22,90.78
322,FLATLINERS KILLER,G,2006,9,22,90.78
277,ELEPHANT TROJAN,PG-13,2006,5,14,89.86
141,CHICAGO NORTH,PG-13,2006,8,16,89.84
165,COLDBLOODED DARLING,G,2006,4,16,89.84
234,DISTURBING SCARFACE,R,2006,4,26,89.74
682,PITTSBURGH HUNCHBACK,PG-13,2006,5,12,88.88
568,MEMENTO ZOOLANDER,NC-17,2006,6,13,88.87
597,MOONWALKER FOOL,G,2006,7,13,88.87
532,LOSER HUSTLER,PG,2006,5,15,88.85
655,PANTHER REDS,NC-17,2006,5,15,88.85
858,SUBMARINE BED,R,2006,11,15,88.85
686,PLUTO OLEANDER,R,2006,7,16,88.84
753,RUSH GOODFELLAS,PG,2006,5,31,88.69
151,CINCINATTI WHISPERER,NC-17,2006,4,13,87.87
446,HYSTERICAL GRAIL,PG,2006,9,15,87.85
329,FORREST SONS,R,2006,5,18,87.82
936,VANISHING ROCKY,NC-17,2006,5,18,87.82
628,NORTHWEST POLISH,PG,2006,8,20,87.80
43,ATLANTIS CAUSE,G,2006,9,24,87.76
434,HORROR REIGN,R,2006,5,27,87.73
638,OPERATION OPERATION,G,2006,3,27,87.73
867,SUPER WYOMING,PG,2006,3,13,86.87
480,JEEPERS WEDDING,R,2006,6,16,86.84
510,LAWLESS VISION,G,2006,4,17,86.84
956,WANDA CHAMBER,PG-13,2006,7,16,86.84
481,JEKYLL FROGMEN,PG,2006,3,17,86.83
841,STAR OPERATION,PG,2006,5,21,86.79
852,STRANGELOVE DESIRE,NC-17,2006,9,24,86.76
134,CHAMPION FLATLINERS,PG,2006,4,13,85.87
28,ANTHEM LUKE,PG-13,2006,2,15,85.85
844,STEERS ARMAGEDDON,PG,2006,4,15,85.85
443,HURRICANE AFFAIR,PG,2006,3,24,85.76
154,CLASH FREDDY,G,2006,7,25,85.75
181,CONTACT ANONYMOUS,PG-13,2006,5,26,85.74
471,ISLAND EXORCIST,NC-17,2006,3,26,85.74
901,TRACY CIDER,G,2006,3,26,85.74
46,AUTUMN CROW,G,2006,3,11,84.89
711,RAGING AIRPLANE,R,2006,3,13,84.87
667,PEACH INNOCENT,PG-13,2006,5,14,84.85
169,COMFORTS RUSH,NC-17,2006,5,17,84.83
83,BLUES INSTINCT,G,2006,4,21,84.79
608,MURDER ANTITRUST,PG,2006,8,23,84.77
247,DOWNHILL ENOUGH,G,2006,4,25,84.75
554,MALKOVICH PET,G,2006,7,26,84.74
625,NONE SPIKING,NC-17,2006,6,27,84.73
113,CALIFORNIA BIRDS,NC-17,2006,2,12,83.88
229,DEVIL DESIRE,R,2006,5,15,83.85
121,CAROL TEXAS,PG,2006,7,18,83.82
298,EYES DRIVING,PG-13,2006,5,19,83.81
326,FLYING HOOK,NC-17,2006,8,20,83.80
953,WAIT CIDER,PG-13,2006,9,21,83.79
644,OSCAR GOLD,PG,2006,6,25,83.75
210,DARKO DORADO,NC-17,2006,4,11,82.89
190,CREEPERS KANE,NC-17,2006,6,14,82.86
7,AIRPLANE SIERRA,PG-13,2006,5,15,82.85
421,HOLIDAY GAMES,PG-13,2006,6,15,82.85
123,CASABLANCA SUPER,G,2006,4,16,82.84
987,WORDS HUNTER,PG,2006,6,16,82.84
616,NATIONAL STORY,NC-17,2006,7,19,82.81
920,UNBREAKABLE KARATE,G,2006,8,21,82.79
782,SHAKESPEARE SADDLE,PG-13,2006,6,22,82.78
662,PATHS CONTROL,PG,2006,5,10,81.90
872,SWEET BROTHERHOOD,R,2006,6,15,81.85
912,TROJAN TOMORROW,PG,2006,8,19,81.80
252,DREAM PICKUP,PG,2006,4,22,81.78
353,GENTLEMEN STAGE,NC-17,2006,8,23,81.77
366,GOLDFINGER SENSIBILITY,G,2006,4,24,81.76
966,WEDDING APOLLO,PG,2006,10,24,81.76
531,LOSE INCH,R,2006,4,27,81.73
374,GRAFFITI LOVE,PG,2006,6,30,81.70
418,HOBBIT ALIEN,PG-13,2006,8,31,81.69
889,TIES HUNGER,R,2006,6,11,80.89
219,DEEP CRUSADE,PG-13,2006,7,14,80.86
137,CHARADE DUFFEL,PG,2006,3,15,80.85
438,HUMAN GRAFFITI,NC-17,2006,4,15,80.85
448,IDAHO LOVE,PG-13,2006,6,17,80.83
643,ORIENT CLOSER,R,2006,4,17,80.83
288,ESCAPE METROPOLIS,R,2006,4,25,80.75
933,VAMPIRE WHALE,NC-17,2006,5,12,79.88
426,HOME PITY,R,2006,6,14,79.86
50,BAKED CLEOPATRA,G,2006,1,16,79.84
820,SONS INTERVIEW,NC-17,2006,6,15,79.84
308,FERRIS MOTHER,PG,2006,1,17,79.83
657,PARADISE SABRINA,PG-13,2006,4,18,79.82
914,TROUBLE DATE,PG,2006,8,23,79.78
645,OTHERS SOUP,PG,2006,4,23,79.77
491,JUMPING WRATH,NC-17,2006,8,24,79.76
968,WEREWOLF LOLA,G,2006,7,14,78.86
464,INTENTIONS EMPIRE,PG-13,2006,2,17,78.83
67,BERETS AGENT,PG-13,2006,10,21,78.78
84,BOILED DARES,PG,2006,8,15,77.85
529,LONELY ELEPHANT,G,2006,12,15,77.85
473,JACKET FRISCO,PG-13,2006,10,18,77.82
402,HARPER DYING,G,2006,4,20,77.80
707,QUEST MUSSOLINI,R,2006,5,20,77.80
193,CROSSROADS CASUALTIES,G,2006,8,21,77.79
555,MALLRATS UNITED,PG,2006,5,25,77.75
60,BEAST HUNCHBACK,R,2006,5,11,76.89
917,TUXEDO MILE,R,2006,3,13,76.87
81,BLINDNESS GUN,PG-13,2006,3,14,76.86
381,GRINCH MASSAGE,R,2006,6,14,76.86
453,IMAGE PRINCESS,PG-13,2006,11,14,76.86
544,MADISON TRAP,R,2006,5,15,76.85
49,BADMAN DAWN,R,2006,8,21,76.79
341,FROST HEAD,PG,2006,7,30,76.70
853,STRANGER STRANGERS,G,2006,9,11,75.89
519,LIBERTY MAGNIFICENT,G,2006,7,12,75.88
202,DADDY PITTSBURGH,G,2006,5,13,75.87
173,CONFESSIONS MAGUIRE,PG-13,2006,4,14,75.86
420,HOLES BRANNIGAN,PG,2006,11,15,75.86
774,SEARCHERS WAIT,NC-17,2006,4,14,75.86
432,HOPE TOOTSIE,NC-17,2006,4,18,75.82
74,BIRCH ANTITRUST,PG,2006,6,11,74.89
93,BRANNIGAN SUNRISE,PG,2006,2,12,74.88
455,IMPOSSIBLE PREJUDICE,NC-17,2006,3,14,74.86
542,LUST LOCK,G,2006,7,15,74.82
967,WEEKEND PERSONAL,R,2006,10,18,74.82
428,HOMICIDE PEACH,PG-13,2006,8,22,74.78
437,HOUSE DYNAMITE,R,2006,9,23,74.77
245,DOUBLE WRATH,R,2006,8,25,74.75
888,THIN SAGEBRUSH,PG-13,2006,2,11,73.89
145,CHISUM BEHAVIOR,G,2006,4,13,73.87
648,OUTLAW HANKY,PG-13,2006,7,14,73.86
991,WORST BANGER,PG,2006,4,16,73.84
999,ZOOLANDER FICTION,R,2006,5,17,73.83
724,REMEMBER DIARY,R,2006,4,18,73.82
302,FANTASIA PARK,G,2006,3,19,73.81
462,INSIDER ARIZONA,NC-17,2006,9,20,73.80
242,DOOM DANCING,R,2006,8,21,73.79
800,SINNERS ATLANTIS,PG-13,2006,4,22,73.78
545,MADNESS ATTACKS,PG-13,2006,7,25,73.75
126,CASUALTIES ENCINO,G,2006,5,9,72.91
661,PAST SUICIDES,PG-13,2006,6,13,72.87
994,WYOMING STORM,PG-13,2006,6,13,72.87
347,GAMES BOWFINGER,PG-13,2006,8,14,72.86
275,EGYPT TENENBAUMS,PG,2006,5,17,72.83
693,POTTER CONNECTICUT,PG,2006,7,17,72.83
463,INSTINCT AIRPORT,PG,2006,11,18,72.82
619,NEIGHBORS CHARADE,R,2006,7,19,72.81
514,LEBOWSKI SOLDIERS,PG-13,2006,3,21,72.79
816,SNOWMAN ROLLERCOASTER,G,2006,3,23,72.77
417,HILLS NEIGHBORS,G,2006,6,25,72.75
120,CARIBBEAN LIBERTY,NC-17,2006,8,9,71.91
9,ALABAMA DEVIL,PG-13,2006,9,12,71.88
99,BRINGING HYSTERICAL,PG,2006,2,20,71.80
138,CHARIOTS CONSPIRACY,R,2006,2,21,71.79
870,SWARM GOLD,PG-13,2006,6,27,71.73
881,TEMPLE ATTRACTION,PG,2006,5,12,70.88
487,JINGLE SAGEBRUSH,PG-13,2006,2,13,70.87
765,SATURN NAME,R,2006,2,13,70.87
929,USUAL UNTOUCHABLES,PG-13,2006,5,13,70.87
916,TURN STAR,G,2006,3,14,70.86
231,DINOSAUR SECRETARY,R,2006,6,20,70.80
22,AMISTAD MIDSUMMER,G,2006,4,21,70.79
301,FAMILY SWEET,R,2006,9,29,70.70
748,RUGRATS SHAKESPEARE,PG-13,2006,6,30,70.70
214,DAUGHTER MADIGAN,PG-13,2006,4,9,69.91
599,MOTHER OLEANDER,R,2006,5,14,69.86
42,ARTIST COLDBLOODED,NC-17,2006,7,16,69.84
254,DRIVER ANNIE,PG-13,2006,8,18,69.82
689,POLLOCK DELIVERANCE,PG,2006,6,18,69.81
389,GUNFIGHTER MUSSOLINI,PG-13,2006,4,12,68.88
626,NOON PAPI,G,2006,6,17,68.83
429,HONEY TIES,R,2006,5,19,68.81
142,CHICKEN HELLFIGHTERS,PG,2006,2,22,68.78
228,DETECTIVE VISION,PG-13,2006,3,27,68.73
20,AMELIE HELLFIGHTERS,R,2006,6,10,67.90
72,BILL OTHERS,PG,2006,6,19,67.81
235,DIVIDE MONSTER,PG-13,2006,6,21,67.79
292,EXCITEMENT EVE,G,2006,8,21,67.79
641,ORANGE GRAPES,PG-13,2006,5,24,67.76
499,KING EVOLUTION,NC-17,2006,6,9,66.91
918,TWISTED PIRATES,PG,2006,3,11,66.89
207,DANGEROUS UPTOWN,PG,2006,8,12,66.88
639,OPPOSITE NECKLACE,PG,2006,6,13,66.87
56,BAREFOOT MANCHURIAN,G,2006,8,18,66.82
986,WONKA SEA,NC-17,2006,2,18,66.82
627,NORTH TEQUILA,NC-17,2006,5,11,65.89
640,OPUS ICE,R,2006,4,11,65.89
133,CHAMBER ITALIAN,NC-17,2006,7,13,65.88
567,MEET CHOCOLATE,G,2006,6,12,65.88
957,WAR NOTTING,G,2006,9,12,65.88
536,LOVELY JINGLE,PG,2006,6,14,65.86
158,CLONES PINOCCHIO,R,2006,5,19,65.81
312,FIDDLER LOST,R,2006,11,10,64.90
533,LOST BIRD,PG-13,2006,3,12,64.88
236,DIVINE RESURRECTION,R,2006,5,15,64.85
557,MANCHURIAN CURTAIN,PG,2006,2,15,64.85
615,NASH CHOCOLAT,PG-13,2006,7,15,64.85
58,BEACH HEARTBREAKERS,G,2006,7,17,64.83
690,POND SEATTLE,PG-13,2006,3,19,64.81
358,GILMORE BOILED,R,2006,6,28,64.72
75,BIRD INDEPENDENCE,G,2006,2,11,63.89
633,OCTOBER SUBMARINE,PG-13,2006,5,11,63.89
478,JAWS HARRY,G,2006,5,14,63.86
561,MASK PEACH,NC-17,2006,11,17,63.83
90,BOULEVARD MOB,R,2006,8,18,63.82
344,FURY MURDER,PG-13,2006,4,19,63.81
525,LOATHING LEGALLY,R,2006,5,27,63.73
395,HANDICAP BOONDOCK,R,2006,7,28,63.72
537,LOVER TRUMAN,G,2006,7,10,62.90
351,GASLIGHT CRUSADE,PG,2006,5,16,62.84
716,REAP UNFAITHFUL,PG-13,2006,4,16,62.84
17,ALONE TRIP,R,2006,8,18,62.82
474,JADE BUNCH,NC-17,2006,8,18,62.82
150,CIDER DESIRE,PG,2006,5,19,62.81
269,EARRING INSTINCT,R,2006,5,19,62.81
993,WRONG BEHAVIOR,PG-13,2006,9,20,62.80
650,PACIFIC AMISTAD,G,2006,8,24,62.76
266,DYNAMITE TARZAN,PG-13,2006,5,25,62.75
587,MOD SECRETARY,NC-17,2006,6,11,61.89
842,STATE WASTELAND,NC-17,2006,7,13,61.88
496,KICK SAVANNAH,PG-13,2006,6,20,61.80
659,PARK CITIZEN,PG-13,2006,6,8,60.92
824,SPARTACUS CHEAPER,NC-17,2006,3,9,60.91
152,CIRCUS YOUTH,PG-13,2006,2,15,60.85
927,UPRISING UPTOWN,NC-17,2006,5,16,60.84
23,ANACONDA CONFESSIONS,R,2006,5,21,60.79
317,FIREBALL PHILADELPHIA,PG,2006,5,21,60.79
651,PACKER MADIGAN,PG-13,2006,1,22,60.78
890,TIGHTS DAWN,R,2006,5,26,60.74
543,MADIGAN DORADO,R,2006,6,10,59.90
88,BORN SPINAL,PG,2006,9,12,59.88
564,MASSAGE IMAGE,PG,2006,9,12,59.88
977,WINDOW SIDE,R,2006,4,12,59.88
449,IDENTITY LOVER,PG-13,2006,4,13,59.87
620,NEMO CAMPUS,NC-17,2006,5,14,59.86
647,OUTFIELD MASSACRE,NC-17,2006,4,20,59.80
26,ANNIE IDENTITY,G,2006,3,22,59.78
314,FIGHT JAWBREAKER,R,2006,3,22,59.78
586,MOCKINGBIRD HOLLYWOOD,PG,2006,3,24,59.76
811,SMILE EARRING,G,2006,8,10,58.90
905,TRAINSPOTTING STRANGERS,PG-13,2006,4,11,58.89
932,VALLEY PACKER,G,2006,4,15,58.85
606,MUMMY CREATURES,NC-17,2006,13,16,58.84
975,WILLOW TRACY,R,2006,2,16,58.84
410,HEAVEN FREEDOM,PG,2006,10,18,58.82
311,FICTION CHRISTMAS,PG,2006,8,19,58.81
204,DALMATIONS SWEDEN,PG,2006,6,20,58.80
494,KARATE MOON,PG-13,2006,8,23,58.77
390,GUYS FALCON,R,2006,5,9,57.91
246,DOUBTFIRE LABYRINTH,R,2006,5,10,57.90
508,LAMBS CINCINATTI,PG-13,2006,15,10,57.90
796,SIERRA DIVIDE,NC-17,2006,5,15,57.85
679,PILOT HOOSIERS,PG,2006,7,16,57.84
672,PERFECT GROOVE,PG-13,2006,6,17,57.83
286,ENOUGH RAGING,NC-17,2006,9,18,57.82
709,RACER EGG,NC-17,2006,6,18,57.82
345,GABLES METROPOLIS,PG,2006,8,19,57.81
733,RIVER OUTLAW,PG-13,2006,4,20,57.81
851,STRAIGHT HOURS,R,2006,3,20,57.80
276,ELEMENT FREDDY,NC-17,2006,4,10,56.90
92,BOWFINGER GABLES,NC-17,2006,5,11,56.89
342,FUGITIVE MAGUIRE,R,2006,11,11,56.89
189,CREATURES SHAKESPEARE,NC-17,2006,3,16,56.84
376,GRAPES FURY,G,2006,5,22,56.77
984,WONDERFUL DROP,NC-17,2006,4,9,55.91
104,BUGSY SONG,G,2006,2,11,55.89
469,IRON MOON,PG,2006,8,11,55.89
705,PURPLE MOVIE,R,2006,8,13,55.87
24,ANALYZE HOOSIERS,R,2006,5,14,55.86
783,SHANE DARKNESS,PG,2006,3,14,55.86
232,DIRTY ACE,NC-17,2006,5,15,55.85
664,PATRIOT ROMAN,PG,2006,4,16,55.84
380,GREEK EVERYONE,PG,2006,4,17,55.83
925,UNITED PILOT,R,2006,6,17,55.83
388,GUNFIGHT MOON,NC-17,2006,4,24,55.76
810,SLUMS DUCK,PG,2006,3,24,55.76
206,DANCING FEVER,G,2006,6,27,55.73
548,MAGNIFICENT CHITTY,R,2006,7,8,54.92
13,ALI FOREVER,PG,2006,5,9,54.91
591,MONSOON CAUSE,PG,2006,5,9,54.91
363,GO PURPLE,R,2006,3,20,54.80
338,FRISCO FORREST,PG,2006,9,9,53.91
632,NUTS TIES,NC-17,2006,2,9,53.91
442,HUNTING MUSKETEERS,NC-17,2006,5,15,53.85
770,SCISSORHANDS SLUMS,G,2006,5,15,53.85
746,ROUGE SQUAD,NC-17,2006,4,18,53.82
728,REUNION WITCHES,R,2006,7,20,53.80
807,SLEUTH ORIENT,NC-17,2006,7,21,53.79
273,EFFECT GLADIATOR,PG,2006,7,25,53.75
863,SUN CONFESSIONS,R,2006,5,25,53.75
2,ACE GOLDFINGER,G,2006,4,7,52.93
124,CASPER DRAGONFLY,PG-13,2006,5,8,52.92
721,REDS POCUS,PG-13,2006,5,9,52.91
934,VANILLA DAY,NC-17,2006,2,9,52.91
375,GRAIL FRANKENSTEIN,NC-17,2006,5,10,52.90
731,RIGHT CRANES,PG-13,2006,7,10,52.90
780,SENSIBILITY REAR,PG,2006,6,10,52.90
293,EXORCIST STING,G,2006,5,13,52.87
16,ALLEY EVOLUTION,NC-17,2006,5,14,52.86
546,MADRE GABLES,PG-13,2006,4,14,52.86
793,SHRUNK DIVINE,R,2006,4,14,52.86
373,GRADUATE LORD,G,2006,2,16,52.84
333,FREAKY POCUS,R,2006,5,17,52.83
631,NOVOCAINE FLIGHT,G,2006,6,19,52.81
147,CHOCOLAT HARRY,NC-17,2006,5,20,52.80
406,HAUNTING PIANIST,R,2006,5,22,52.78
470,ISHTAR ROCKETEER,R,2006,4,7,51.93
653,PANIC CLUB,G,2006,3,7,51.93
279,ELIZABETH SHANE,NC-17,2006,3,10,51.90
5,AFRICAN EGG,G,2006,5,12,51.88
96,BREAKING HOME,PG-13,2006,6,13,51.87
592,MONSTER SPARTACUS,PG,2006,7,15,51.85
111,CADDYSHACK JEDI,NC-17,2006,7,16,51.84
601,MOULIN WAKE,PG-13,2006,3,16,51.84
681,PIRATES ROXANNE,PG,2006,1,21,51.78
945,VIRGINIAN PLUTO,R,2006,8,29,51.71
156,CLERKS ANGELS,G,2006,4,7,50.93
988,WORKER TARZAN,R,2006,9,15,50.85
458,INDIAN LOVE,NC-17,2006,10,16,50.84
526,LOCK REAR,R,2006,2,16,50.84
504,KWAI HOMEWARD,PG-13,2006,5,23,50.77
91,BOUND CHEAPER,PG,2006,2,24,50.76
211,DARLING BREAKING,PG-13,2006,2,9,49.91
466,INTOLERABLE INTENTIONS,PG-13,2006,6,9,49.91
826,SPEED SUIT,PG-13,2006,6,9,49.91
422,HOLLOW JEOPARDY,NC-17,2006,2,10,49.90
692,POTLUCK MIXED,G,2006,6,11,49.89
296,EXPRESS LONELY,R,2006,8,13,49.87
673,PERSONAL LADYBUGS,PG-13,2006,9,14,49.86
900,TOWN ARK,R,2006,4,14,49.86
589,MODERN DORADO,PG,2006,5,15,49.85
962,WASTELAND DIVINE,PG,2006,6,15,49.85
436,HOURS RAGE,NC-17,2006,6,19,49.81
371,GOSFORD DONNIE,G,2006,3,8,48.92
256,DROP WATERFRONT,R,2006,8,9,48.91
528,LOLITA WORLD,NC-17,2006,1,10,48.90
729,RIDER CADDYSHACK,PG,2006,9,11,48.89
209,DARKNESS WAR,NC-17,2006,2,13,48.87
201,CYCLONE FAMILY,PG,2006,3,15,48.86
394,HAMLET WISDOM,R,2006,5,14,48.86
937,VARSITY TRIP,NC-17,2006,3,16,48.84
737,ROCK INSTINCT,G,2006,8,17,48.83
367,GOLDMINE TYCOON,R,2006,7,27,48.73
951,VOYAGE LEGALLY,PG-13,2006,5,28,48.72
779,SENSE GREEK,R,2006,7,7,47.93
197,CRUSADE HONEY,R,2006,9,8,47.92
503,KRAMER CHOCOLATE,R,2006,8,9,47.91
287,ENTRAPMENT SATISFACTION,R,2006,4,15,47.85
505,LABYRINTH LEAGUE,PG-13,2006,6,15,47.85
788,SHIP WONDERLAND,R,2006,8,15,47.85
623,NEWTON LABYRINTH,PG,2006,4,17,47.83
906,TRAMP OTHERS,PG,2006,6,20,47.80
384,GROSSE WONDERFUL,R,2006,4,8,46.92
703,PUNK DIVORCE,PG,2006,7,8,46.92
30,ANYTHING SAVANNAH,R,2006,3,9,46.91
435,HOTEL HAPPINESS,PG-13,2006,4,9,46.91
515,LEGALLY SECRETARY,PG,2006,6,9,46.91
837,STAGE WORLD,PG,2006,2,10,46.90
573,MICROCOSMOS PARADISE,PG-13,2006,6,13,46.87
658,PARIS WEEKEND,PG-13,2006,6,14,46.86
913,TROOPERS METAL,R,2006,5,14,46.86
792,SHREK LICENSE,PG-13,2006,3,15,46.85
849,STORM HAPPINESS,NC-17,2006,8,29,46.71
47,BABY HALL,NC-17,2006,8,8,45.92
565,MATRIX SNOWMAN,PG-13,2006,3,9,45.91
685,PLATOON INSTINCT,PG-13,2006,5,9,45.91
740,ROLLERCOASTER BRINGING,PG-13,2006,3,10,45.90
825,SPEAKEASY DATE,PG-13,2006,3,12,45.88
213,DATE SPEED,R,2006,4,13,45.87
847,STOCK GLASS,PG,2006,7,14,45.86
921,UNCUT SUICIDES,PG-13,2006,7,14,45.86
574,MIDNIGHT WESTWARD,G,2006,9,17,45.83
39,ARMAGEDDON LOST,G,2006,7,21,45.79
303,FANTASY TROOPERS,PG-13,2006,9,26,45.74
582,MIRACLE VIRTUAL,PG-13,2006,1,9,44.91
522,LIFE TWISTED,NC-17,2006,8,10,44.90
750,RUN PACIFIC,R,2006,6,10,44.90
660,PARTY KNOCK,PG,2006,2,13,44.87
160,CLUB GRAFFITI,PG-13,2006,4,19,44.80
982,WOMEN DORADO,R,2006,5,23,44.78
12,ALASKA PHANTOM,PG,2006,7,26,44.74
719,RECORDS ZORRO,PG,2006,8,8,43.92
328,FOREVER CANDIDATE,NC-17,2006,1,13,43.87
540,LUCKY FLYING,PG-13,2006,10,13,43.87
360,GLASS DYING,G,2006,4,14,43.86
784,SHANGHAI TYCOON,PG,2006,8,14,43.86
618,NECKLACE OUTBREAK,PG,2006,8,15,43.85
552,MAJESTIC FLOATS,PG,2006,5,17,43.83
687,POCUS PULP,NC-17,2006,5,26,43.74
960,WARS PLUTO,G,2006,4,10,42.90
187,CRANES RESERVOIR,NC-17,2006,6,11,42.89
530,LORD ARIZONA,PG-13,2006,6,11,42.89
700,PRIX UNDEFEATED,R,2006,7,11,42.89
756,SADDLE ANTITRUST,PG-13,2006,3,14,42.86
744,ROOTS REMEMBER,PG-13,2006,10,17,42.83
164,COAST RAINBOW,PG,2006,10,21,42.79
602,MOURNING PURPLE,PG,2006,7,21,42.79
54,BANGER PINOCCHIO,R,2006,6,22,42.78
268,EARLY HOME,NC-17,2006,6,7,41.93
411,HEAVENLY GUN,NC-17,2006,6,7,41.93
431,HOOSIERS BIRDCAGE,G,2006,10,8,41.92
817,SOLDIERS EVOLUTION,R,2006,9,8,41.92
306,FEATHERS METAL,PG-13,2006,9,11,41.89
577,MILE MULAN,PG,2006,3,13,41.87
828,SPIKING ELEMENT,G,2006,6,13,41.87
40,ARMY FLINTSTONES,R,2006,7,16,41.84
383,GROOVE FICTION,NC-17,2006,7,18,41.82
233,DISCIPLE MOTHER,PG,2006,7,19,41.81
864,SUNDANCE INVASION,NC-17,2006,7,19,41.81
191,CROOKED FROGMEN,PG-13,2006,6,23,41.77
161,CLUE GRAIL,NC-17,2006,6,7,40.93
289,EVE RESURRECTION,G,2006,6,7,40.93
695,PRESIDENT BANG,PG,2006,5,7,40.93
876,TARZAN VIDEOTAPE,PG-13,2006,3,8,40.92
337,FRIDA SLIPPER,R,2006,5,11,40.90
80,BLANKET BEVERLY,G,2006,4,12,40.88
110,CABIN FLASH,NC-17,2006,4,15,40.85
833,SPLENDOR PATTON,R,2006,10,21,40.79
485,JERSEY SASSY,PG,2006,9,6,39.94
884,TERMINATOR CLUB,R,2006,2,6,39.94
278,ELF MURDER,NC-17,2006,5,7,39.93
316,FIRE WOLVES,R,2006,5,7,39.93
848,STONE FIRE,G,2006,1,11,39.89
736,ROBBERY BRIGHT,R,2006,2,13,39.87
829,SPINAL ROCKY,PG-13,2006,8,13,39.87
652,PAJAMA JAWBREAKER,R,2006,5,14,39.86
452,ILLUSION AMELIE,R,2006,7,15,39.85
896,TOOTSIE PILOT,PG,2006,5,15,39.85
488,JOON NORTHWEST,NC-17,2006,2,17,39.83
282,ENCOUNTERS CURTAIN,NC-17,2006,4,19,39.81
176,CONGENIALITY QUEST,PG-13,2006,3,22,39.78
646,OUTBREAK DIVINE,NC-17,2006,5,23,39.77
309,FEUD FROGMEN,R,2006,4,25,39.75
850,STORY SIDE,R,2006,5,28,39.72
875,TALENTED HOMICIDE,PG,2006,5,29,39.71
472,ITALIAN AFRICAN,G,2006,2,6,38.94
82,BLOOD ARGONAUTS,G,2006,4,10,38.90
952,WAGON JAWS,PG,2006,6,10,38.90
576,MIGHTY LUCK,PG,2006,8,12,38.88
928,UPTOWN YOUNG,PG,2006,7,12,38.88
457,INDEPENDENCE HOTEL,NC-17,2006,9,19,38.81
677,PIANIST OUTFIELD,NC-17,2006,5,21,38.78
976,WIND PHANTOM,R,2006,3,23,38.77
119,CAPER MOTIONS,G,2006,7,24,38.76
200,CURTAIN VIDEOTAPE,PG-13,2006,3,27,38.74
595,MOON BUNCH,PG,2006,1,29,38.71
372,GRACELAND DYNAMITE,R,2006,6,6,37.94
364,GODFATHER DIARY,NC-17,2006,6,8,37.92
939,VERTIGO NORTHWEST,R,2006,4,8,37.92
815,SNATCHERS MONTEZUMA,PG-13,2006,9,9,37.91
29,ANTITRUST TOMATOES,NC-17,2006,7,10,37.90
3,ADAPTATION HOLES,NC-17,2006,5,12,37.88
413,HEDWIG ALTER,NC-17,2006,4,12,37.88
467,INTRIGUE WORST,G,2006,7,20,37.80
790,SHOOTIST SUPERFLY,PG-13,2006,3,24,37.76
387,GUN BONNIE,G,2006,5,25,37.75
970,WESTWARD SEABISCUIT,NC-17,2006,6,26,37.74
182,CONTROL ANTHEM,G,2006,3,7,36.93
248,DOZEN LION,NC-17,2006,6,7,36.93
604,MULAN MOON,G,2006,5,13,36.87
461,INSECTS STONE,NC-17,2006,4,18,36.81
140,CHEAPER CLYDE,G,2006,2,20,36.80
949,VOLCANO TEXAS,NC-17,2006,5,22,36.78
1,ACADEMY DINOSAUR,PG,2006,10,23,36.77
697,PRIMARY GLASS,G,2006,7,27,36.73
102,BUBBLE GROSSE,R,2006,3,6,35.94
340,FRONTIER CABIN,PG-13,2006,6,6,35.94
769,SCHOOL JACKET,PG-13,2006,8,6,35.94
926,UNTOUCHABLES SUNRISE,NC-17,2006,5,8,35.92
368,GONE TROUBLE,R,2006,5,10,35.90
393,HALLOWEEN NUTS,PG-13,2006,7,10,35.90
241,DONNIE ALLEY,NC-17,2006,7,14,35.86
535,LOVE SUICIDES,R,2006,4,20,35.80
11,ALAMO VIDEOTAPE,G,2006,4,24,35.76
238,DOCTOR GRAIL,G,2006,6,7,34.93
726,RESERVOIR ADAPTATION,PG-13,2006,8,10,34.90
549,MAGNOLIA FORRESTER,PG-13,2006,7,11,34.89
819,SONG HEDWIG,PG-13,2006,5,11,34.89
585,MOB DUFFEL,G,2006,6,12,34.88
732,RINGS HEARTBREAKERS,G,2006,11,15,34.85
862,SUMMER SCARFACE,G,2006,8,16,34.84
963,WATCH TRACY,PG,2006,5,16,34.84
877,TAXI KICK,PG-13,2006,6,17,34.83
524,LION UNCUT,PG,2006,3,18,34.82
79,BLADE POLISH,PG-13,2006,5,22,34.79
122,CARRIE BUNCH,PG,2006,7,23,34.77
270,EARTH VISION,NC-17,2006,3,23,34.77
310,FEVER EMPIRE,R,2006,3,5,33.95
237,DIVORCE SHINING,G,2006,6,7,33.93
550,MAGUIRE APACHE,NC-17,2006,4,9,33.91
761,SANTA PARIS,PG,2006,6,11,33.89
832,SPLASH GUMP,PG,2006,10,14,33.86
907,TRANSLATION SUMMER,PG-13,2006,3,15,33.85
747,ROXANNE REBEL,R,2006,5,19,33.81
948,VOICE PEACH,PG-13,2006,3,19,33.81
19,AMADEUS HOLY,PG,2006,6,21,33.79
132,CHAINSAW UPTOWN,PG,2006,2,21,33.79
883,TEQUILA PAST,PG,2006,3,6,32.94
106,BULWORTH COMMANDMENTS,G,2006,4,7,32.93
553,MAKER GABLES,PG-13,2006,11,10,32.90
617,NATURAL STOCK,PG-13,2006,4,13,32.87
840,STAMPEDE DISTURBING,R,2006,6,14,32.86
600,MOTIONS DETAILS,PG,2006,8,16,32.85
85,BONNIE HOLOCAUST,G,2006,9,16,32.84
299,FACTORY DRAGON,PG-13,2006,6,17,32.83
717,REAR TRADING,NC-17,2006,8,17,32.83
560,MARS ROMAN,NC-17,2006,7,19,32.81
416,HIGHBALL POTTER,R,2006,5,21,32.79
18,ALTER VICTORY,PG-13,2006,4,22,32.78
143,CHILL LUCK,PG,2006,5,22,32.78
130,CELEBRITY HORN,PG-13,2006,4,24,32.76
786,SHEPHERD MIDSUMMER,R,2006,5,25,32.75
224,DESPERATE TRAINSPOTTING,G,2006,4,6,31.94
405,HAUNTED ANTITRUST,NC-17,2006,5,6,31.94
225,DESTINATION JERK,PG-13,2006,3,8,31.92
758,SAINTS BRIDE,G,2006,10,8,31.92
264,DWARFS ALTER,G,2006,1,9,31.91
714,RANDOM GO,NC-17,2006,13,9,31.91
205,DANCES NONE,NC-17,2006,5,14,31.86
781,SEVEN SWARM,R,2006,7,5,30.95
32,APOCALYPSE FLAMINGOS,R,2006,5,6,30.94
490,JUMANJI BLADE,G,2006,6,8,30.92
240,DOLLS RAGE,PG-13,2006,1,9,30.91
539,LUCK OPUS,NC-17,2006,6,10,30.90
886,THEORY MERMAID,PG-13,2006,6,11,30.88
809,SLIPPER FIDELITY,PG-13,2006,7,16,30.84
280,EMPIRE MALKOVICH,G,2006,9,21,30.79
208,DARES PLUTO,PG-13,2006,10,9,29.91
978,WISDOM WORKER,R,2006,7,9,29.91
636,OLEANDER CLUE,PG,2006,10,10,29.90
794,SIDE ARK,G,2006,6,12,29.88
155,CLEOPATRA DEVIL,PG-13,2006,7,18,29.83
534,LOUISIANA HARRY,PG-13,2006,3,17,29.83
743,ROOM ROMAN,PG,2006,2,20,29.80
741,ROMAN PUNK,NC-17,2006,2,24,29.76
185,COWBOY DOOM,PG,2006,5,7,28.93
541,LUKE MUMMY,NC-17,2006,9,7,28.93
684,PIZZA JUMANJI,NC-17,2006,5,7,28.93
146,CHITTY LOCK,G,2006,13,8,28.92
656,PAPI NECKLACE,PG,2006,3,8,28.92
983,WON DARES,PG,2006,5,9,28.91
482,JEOPARDY ENCINO,R,2006,5,10,28.90
315,FINDING ANACONDA,R,2006,5,12,28.88
766,SAVANNAH TOWN,PG-13,2006,6,12,28.88
149,CHRISTMAS MOONSHINE,NC-17,2006,3,21,28.79
377,GREASE YOUTH,G,2006,3,21,28.79
459,INFORMER DOUBLE,NC-17,2006,3,5,27.95
513,LEATHERNECKS DWARFS,PG-13,2006,7,7,27.93
836,SQUAD FISH,PG,2006,5,7,27.93
230,DIARY PANIC,G,2006,4,9,27.91
250,DRAGON SQUAD,NC-17,2006,8,11,27.89
581,MINORITY KISS,G,2006,1,12,27.89
118,CANYON STOCK,R,2006,6,19,27.81
281,ENCINO ELF,G,2006,6,19,27.81
89,BORROWERS BEDAZZLED,G,2006,7,22,27.78
699,PRIVATE DROP,PG,2006,5,5,26.95
674,PET HAUNTING,PG,2006,7,8,26.92
923,UNFAITHFUL KILL,R,2006,8,8,26.92
188,CRAZY HOME,PG,2006,13,9,26.91
291,EVOLUTION ALTER,PG-13,2006,6,12,26.88
727,RESURRECTION SILVERADO,PG,2006,5,21,26.79
107,BUNCH MINDS,G,2006,8,5,25.95
223,DESIRE ALIEN,NC-17,2006,7,8,25.92
629,NOTORIOUS REUNION,NC-17,2006,2,14,25.86
598,MOSQUITO ARMAGEDDON,G,2006,4,15,25.85
424,HOLOCAUST HIGHBALL,R,2006,5,17,25.83
924,UNFORGIVEN ZOOLANDER,PG,2006,7,18,25.82
562,MASKED BUBBLE,PG-13,2006,3,20,25.80
218,DECEIVER BETRAYED,NC-17,2006,4,21,25.79
904,TRAIN BUNCH,R,2006,4,4,24.96
441,HUNTER ALTER,PG-13,2006,4,5,24.95
903,TRAFFIC HOBBIT,G,2006,4,5,24.95
62,BED HIGHBALL,NC-17,2006,5,6,24.94
990,WORLD LEATHERNECKS,PG-13,2006,8,8,24.92
352,GATHERING CALENDAR,PG-13,2006,3,11,24.89
258,DRUMS DYNAMITE,PG,2006,7,13,24.87
290,EVERYONE CRAFT,PG,2006,5,13,24.87
855,STREAK RIDGEMONT,PG-13,2006,3,16,24.84
688,POLISH BROOKLYN,PG,2006,10,18,24.82
663,PATIENT SISTER,NC-17,2006,4,19,24.81
249,DRACULA CRYSTAL,G,2006,13,21,24.79
981,WOLVES DESIRE,NC-17,2006,6,21,24.79
558,MANNEQUIN WORST,PG-13,2006,5,5,23.95
125,CASSIDY WYOMING,NC-17,2006,7,6,23.94
259,DUCK RACER,NC-17,2006,2,6,23.94
517,LESSON CLEOPATRA,NC-17,2006,12,7,23.93
136,CHAPLIN LICENSE,NC-17,2006,6,8,23.92
163,CLYDE THEORY,PG-13,2006,4,8,23.92
76,BIRDCAGE CASPER,NC-17,2006,4,9,23.91
722,REEF SALUTE,NC-17,2006,4,11,23.89
992,WRATH MILE,NC-17,2006,4,14,23.86
634,ODDS BOOGIE,NC-17,2006,5,15,23.85
427,HOMEWARD CIDER,R,2006,7,16,23.84
297,EXTRAORDINARY CONQUERER,G,2006,7,6,22.94
399,HAPPINESS UNITED,G,2006,5,6,22.94
53,BANG KWAI,NC-17,2006,7,7,22.93
520,LICENSE WEEKEND,NC-17,2006,8,7,22.93
622,NEWSIES STORY,G,2006,8,7,22.93
787,SHINING ROSES,G,2006,5,8,22.92
34,ARABIA DOGMA,NC-17,2006,12,13,22.87
440,HUNGER ROOF,G,2006,1,13,22.87
942,VIETNAM SMOOCHY,PG-13,2006,2,15,22.85
348,GANDHI KWAI,PG-13,2006,8,17,22.83
610,MUSIC BOONDOCK,R,2006,3,19,22.81
498,KILLER INNOCENT,R,2006,5,6,21.94
675,PHANTOM GLORY,NC-17,2006,2,6,21.94
959,WARLOCK WEREWOLF,G,2006,6,6,21.94
569,MENAGERIE RUSHMORE,G,2006,2,7,21.93
605,MULHOLLAND BEAST,PG,2006,6,7,21.93
153,CITIZEN SHREK,G,2006,8,13,21.87
593,MONTEREY LABYRINTH,G,2006,6,13,21.87
105,BULL SHAWSHANK,NC-17,2006,8,16,21.84
97,BRIDE INTRIGUE,G,2006,1,19,21.81
479,JEDI BENEATH,PG,2006,4,19,21.81
454,IMPACT ALADDIN,PG-13,2006,3,9,20.91
834,SPOILERS HELLFIGHTERS,G,2006,7,10,20.90
882,TENENBAUMS COMMAND,PG-13,2006,5,13,20.87
493,KANE EXORCIST,R,2006,5,14,20.86
186,CRAFT OUTFIELD,NC-17,2006,6,16,20.84
613,MYSTIC TRUMAN,NC-17,2006,4,10,19.90
509,LANGUAGE COWBOY,NC-17,2006,6,11,19.89
831,SPIRITED CASUALTIES,PG-13,2006,5,11,19.89
538,LOVERBOY ATTACKS,PG-13,2006,9,12,19.88
821,SORORITY QUEEN,NC-17,2006,4,12,19.88
894,TOMATOES HELLFIGHTERS,PG,2006,9,14,19.86
754,RUSHMORE MERMAID,PG-13,2006,7,6,18.94
799,SIMON NORTH,NC-17,2006,3,6,18.94
425,HOLY TADPOLE,R,2006,3,9,18.91
283,ENDING CROWDS,NC-17,2006,5,11,18.89
194,CROW GREASE,PG,2006,10,12,18.88
696,PRIDE ALAMO,NC-17,2006,4,16,18.84
812,SMOKING BARBARELLA,PG-13,2006,6,18,18.83
507,LADYBUGS ARMAGEDDON,NC-17,2006,4,6,17.94
547,MAGIC MALLRATS,PG,2006,4,7,17.93
357,GILBERT PELICAN,G,2006,4,9,17.91
868,SUPERFLY TRIP,PG,2006,7,10,17.90
27,ANONYMOUS HUMAN,NC-17,2006,9,13,17.87
430,HOOK CHARIOTS,G,2006,4,13,17.87
795,SIEGE MADRE,R,2006,7,15,17.85
94,BRAVEHEART HUMAN,PG-13,2006,4,5,16.95
180,CONSPIRACY SPIRIT,PG-13,2006,4,5,16.95
343,FULL FLATLINERS,PG,2006,6,5,16.95
997,YOUTH KICK,NC-17,2006,5,6,16.94
66,BENEATH RUSH,NC-17,2006,7,10,16.90
339,FROGMEN BREAKING,R,2006,6,10,16.90
64,BEETHOVEN EXORCIST,PG-13,2006,6,11,16.89
931,VALENTINE VANISHING,PG-13,2006,2,12,16.88
63,BEDAZZLED MARRIED,PG,2006,7,13,16.87
797,SILENCE KANE,R,2006,4,16,16.84
400,HARDLY ROBBERS,R,2006,3,4,15.96
584,MIXED DOORS,PG-13,2006,6,4,15.96
612,MUSSOLINI SPOILERS,G,2006,7,5,15.95
974,WILD APOLLO,R,2006,4,6,15.94
407,HAWK CHILL,PG-13,2006,7,7,15.93
947,VISION TORQUE,PG-13,2006,5,7,15.93
492,JUNGLE CLOSER,NC-17,2006,6,9,15.91
511,LAWRENCE LOVE,NC-17,2006,2,13,15.87
762,SASSY PACKER,G,2006,3,13,15.87
379,GREEDY ROOTS,R,2006,8,14,15.86
830,SPIRIT FLINTSTONES,R,2006,11,15,15.85
362,GLORY TRACY,PG-13,2006,6,5,14.95
808,SLING LUKE,R,2006,3,6,14.94
935,VANISHED GARDEN,R,2006,2,7,14.94
752,RUNNER MADIGAN,NC-17,2006,8,8,14.92
998,ZHIVAGO CORE,NC-17,2006,6,9,14.91
813,SMOOCHY CONTROL,R,2006,2,12,14.88
262,DUMBO LUST,NC-17,2006,9,6,13.94
965,WATERSHIP FRONTIER,G,2006,6,6,13.94
516,LEGEND JEDI,PG,2006,4,9,13.91
630,NOTTING SPEAKEASY,PG-13,2006,2,10,13.90
423,HOLLYWOOD ANONYMOUS,PG,2006,6,13,13.87
910,TREATMENT JEKYLL,PG,2006,5,7,12.93
751,RUNAWAY TENENBAUMS,NC-17,2006,3,8,12.92
822,SOUP WISDOM,R,2006,2,8,12.92
866,SUNSET RACER,NC-17,2006,3,8,12.92
940,VICTORY ACADEMY,PG-13,2006,5,9,12.91
899,TOWERS HURRICANE,NC-17,2006,4,11,12.89
566,MAUDE MOD,R,2006,6,8,11.92
355,GHOSTBUSTERS ELF,R,2006,1,9,11.91
594,MONTEZUMA COMMAND,NC-17,2006,2,9,11.91
157,CLOCKWORK PARADISE,PG-13,2006,5,10,11.90
477,JAWBREAKER BROOKLYN,PG,2006,5,10,11.90
178,CONNECTION MICROCOSMOS,G,2006,7,7,10.93
52,BALLROOM MOCKINGBIRD,G,2006,7,8,10.92
168,COMANCHEROS ENEMY,R,2006,5,6,9.94
401,HAROLD FRENCH,NC-17,2006,7,8,9.92
523,LIGHTS DEER,R,2006,2,8,9.92
839,STALLION SUNDANCE,PG-13,2006,7,7,8.93
475,JAPANESE RUN,G,2006,9,6,7.94
196,CRUELTY UNFORGIVEN,G,2006,2,7,7.93
718,REBEL AIRPORT,G,2006,6,8,7.92
261,DUFFEL APOCALYPSE,G,2006,3,7,6.93
996,YOUNG LANGUAGE,G,2006,5,7,6.93
335,FREEDOM CLEOPATRA,PG-13,2006,5,5,5.95
635,OKLAHOMA JUMANJI,PG,2006,9,6,5.94
885,TEXAS WATCH,NC-17,2006,6,6,5.94
